<site>
 <posts />
 <pages customHeadHtml="">
  <page author="" caption="Home" customHeadHtml="" dateModified="09/26/2012 12:38:56" description="" keywords="" metaTags="" name="home" path="/home" showInHmenu="True" showInVmenu="True" showTitle="False" title="Contact Us" titleInBrowser="Contact Us">
   <pageHead></pageHead>
   <content>&lt;div class="art-content-layout"&gt;
    &lt;div class="art-content-layout-row"&gt;
    &lt;div class="art-layout-cell" style="padding-top: 20px;padding-right: 20px;padding-bottom: 0px;padding-left: 20px; width:25%" &gt;
        &lt;h3&gt;Latest News&lt;/h3&gt;
        &lt;hr style="border:none;background-color:#cccccc;color:#cccccc;height:1px;"&gt;
        &lt;h4&gt;03/15/11&lt;/h4&gt;
        &lt;p&gt;Lorem ipsum dolor sit amet, consectetur adipiscing elit. &lt;a href="#"&gt;&amp;nbsp;More...&lt;/a&gt;&lt;/p&gt;
        &lt;h4&gt;02/21/11&lt;/h4&gt;
        &lt;p&gt;Etiam pharetra, tellus sit amet congue vulputate, nisi erat iaculis. &lt;a href="#"&gt;More...&lt;/a&gt;&lt;/p&gt;
        &lt;h4&gt;01/15/11&lt;/h4&gt;
        &lt;p&gt;Etiam pharetra, tellus sit amet congue vulputate, nisi erat iaculis. &lt;a href="#"&gt;More...&lt;/a&gt;&lt;/p&gt;
    &lt;/div&gt;&lt;div class="art-layout-cell" style="padding-top: 20px;padding-right: 20px;padding-bottom: 0px;padding-left: 20px; width:75%" &gt;
        &lt;h1&gt;Customer Satisfaction Is Our Main Priority&lt;/h1&gt;
        &lt;hr style="border:none;background-color:#cccccc;color:#cccccc;height:1px;"&gt;
        &lt;p&gt;&lt;img width="225" height="212" alt="" src="shutterstock_28649449.jpg" style="float:left;margin-right:10px;" class=""&gt;Lorem ipsum dolor sit amet, consectetur adipiscing elit. Etiam pharetra, tellus sit amet congue vulputate, nisi erat iaculis nibh, vitae feugiat sapien ante eget mauris. Cras elit nisl, rhoncus nec iaculis ultricies, feugiat eget sapien. Pellentesque ac felis tellus. Aenean sollicitudin imperdiet arcu, vitae dignissim est posuere id.&lt;/p&gt;
        &lt;p&gt;Duis placerat justo eu nunc interdum ultrices. Phasellus elit dolor, porttitor id consectetur sit amet, posuere id magna.&lt;/p&gt;
        &lt;p&gt;Donec vel neque in neque porta venenatis sed sit amet lectus. Morbi tristique posuere consequat. Vestibulum ante ipsum primis in faucibus orci luctus et ultrices posuere. In hendrerit ligula ut diam imperdiet in fringilla diam suscipit.&lt;/p&gt;
        &lt;p&gt;&lt;a href="#"&gt;Read more...&lt;/a&gt;&lt;/p&gt;
    &lt;/div&gt;
    &lt;/div&gt;
&lt;/div&gt;
&lt;div class="art-content-layout"&gt;
    &lt;div class="art-content-layout-row"&gt;
    &lt;div class="art-layout-cell" style="padding: 20px; width:25%" &gt;
        &lt;h3&gt;Featured&lt;/h3&gt;
        &lt;hr style="border:none;background-color:#cccccc;color:#cccccc;height:1px;"&gt;
        &lt;p style="text-align:center;"&gt;&lt;img width="125" height="125" alt="" src="top3.png" class=""&gt;&lt;/p&gt;
        &lt;p&gt;Lorem ipsum dolor sit amet, consectetur adipiscing elit. Etiam pharetra, tellus sit amet congue.&lt;/p&gt;
        &lt;p style="text-align:center;"&gt;&lt;a href="#" class="art-button"&gt;Read More&lt;/a&gt;&lt;/p&gt;
    &lt;/div&gt;&lt;div class="art-layout-cell" style="padding: 20px; width:25%" &gt;
        &lt;h3&gt;Services&lt;/h3&gt;
        &lt;hr style="border:none;background-color:#cccccc;color:#cccccc;height:1px;"&gt;
        &lt;p style="text-align:center;"&gt;&lt;img width="125" height="125" alt="" src="top1.png" class=""&gt;&lt;/p&gt;
        &lt;p&gt;Cras elit nisl, rhoncus nec iaculis ultricies. Etiam pharetra, tellus sit amet congue vulputate.&lt;/p&gt;
        &lt;p style="text-align:center;"&gt;&lt;a href="#" class="art-button"&gt;Read More&lt;/a&gt;&lt;/p&gt;
    &lt;/div&gt;&lt;div class="art-layout-cell" style="padding: 20px; width:25%" &gt;
        &lt;h3&gt;Offers&lt;/h3&gt;
        &lt;hr style="border:none;background-color:#C4D8E9;color:#C4D8E9;height:1px;"&gt;
        &lt;p style="text-align:center;"&gt;&lt;img width="125" height="125" alt="" src="top2.png" class=""&gt;&lt;/p&gt;
        &lt;p&gt;Tellus sit amet congue vulputate, nisi erat iaculis nibh, vitae feugiat sapien ante eget mauris.&lt;/p&gt;
        &lt;p style="text-align:center;"&gt;&lt;a href="#" class="art-button"&gt;Read More&lt;/a&gt;&lt;/p&gt;
    &lt;/div&gt;&lt;div class="art-layout-cell" style="padding: 20px; width:25%" &gt;
        &lt;h3&gt;Contacts&lt;/h3&gt;
        &lt;hr style="border:none;background-color:#C4D8E9;color:#C4D8E9;height:1px;"&gt;
        &lt;p style="text-align:center;"&gt;&lt;img width="125" height="125" alt="" src="top4.png" class=""&gt;&lt;/p&gt;
        &lt;p&gt;Cras elit nisl, rhoncus nec iaculis ultricies. Etiam pharetra, tellus sit amet congue vulputate.&lt;/p&gt;
        &lt;p style="text-align:center;"&gt;&lt;a href="#" class="art-button"&gt;Read More&lt;/a&gt;&lt;/p&gt;
    &lt;/div&gt;
    &lt;/div&gt;
&lt;/div&gt;
</content>
   <layout>
    <struct>&lt;div class="art-content-layout"&gt;
    &lt;div class="art-content-layout-row"&gt;
    &lt;div class="art-layout-cell" style="padding-top: 20px;padding-right: 20px;padding-bottom: 0px;padding-left: 20px; width:25%" &gt;
        {content}
    &lt;/div&gt;&lt;div class="art-layout-cell" style="padding-top: 20px;padding-right: 20px;padding-bottom: 0px;padding-left: 20px; width:75%" &gt;
        {content}
    &lt;/div&gt;
    &lt;/div&gt;
&lt;/div&gt;
&lt;div class="art-content-layout"&gt;
    &lt;div class="art-content-layout-row"&gt;
    &lt;div class="art-layout-cell" style="padding: 20px; width:25%" &gt;
        {content}
    &lt;/div&gt;&lt;div class="art-layout-cell" style="padding: 20px; width:25%" &gt;
        {content}
    &lt;/div&gt;&lt;div class="art-layout-cell" style="padding: 20px; width:25%" &gt;
        {content}
    &lt;/div&gt;&lt;div class="art-layout-cell" style="padding: 20px; width:25%" &gt;
        {content}
    &lt;/div&gt;
    &lt;/div&gt;
&lt;/div&gt;
</struct>
    <contents>
     <content>&lt;h3&gt;Latest News&lt;/h3&gt;
&lt;hr style="border:none;background-color:#cccccc;color:#cccccc;height:1px;"&gt;
&lt;h4&gt;03/15/11&lt;/h4&gt;
&lt;p&gt;Lorem ipsum dolor sit amet, consectetur adipiscing elit. &lt;a href="#"&gt;&amp;nbsp;More...&lt;/a&gt;&lt;/p&gt;
&lt;h4&gt;02/21/11&lt;/h4&gt;
&lt;p&gt;Etiam pharetra, tellus sit amet congue vulputate, nisi erat iaculis. &lt;a href="#"&gt;More...&lt;/a&gt;&lt;/p&gt;
&lt;h4&gt;01/15/11&lt;/h4&gt;
&lt;p&gt;Etiam pharetra, tellus sit amet congue vulputate, nisi erat iaculis. &lt;a href="#"&gt;More...&lt;/a&gt;&lt;/p&gt;</content>
     <content>&lt;h1&gt;Customer Satisfaction Is Our Main Priority&lt;/h1&gt;
&lt;hr style="border:none;background-color:#cccccc;color:#cccccc;height:1px;"&gt;
&lt;p&gt;&lt;img width="225" height="212" alt="" src="shutterstock_28649449.jpg" style="float:left;margin-right:10px;" class=""&gt;Lorem ipsum dolor sit amet, consectetur adipiscing elit. Etiam pharetra, tellus sit amet congue vulputate, nisi erat iaculis nibh, vitae feugiat sapien ante eget mauris. Cras elit nisl, rhoncus nec iaculis ultricies, feugiat eget sapien. Pellentesque ac felis tellus. Aenean sollicitudin imperdiet arcu, vitae dignissim est posuere id.&lt;/p&gt;
&lt;p&gt;Duis placerat justo eu nunc interdum ultrices. Phasellus elit dolor, porttitor id consectetur sit amet, posuere id magna.&lt;/p&gt;
&lt;p&gt;Donec vel neque in neque porta venenatis sed sit amet lectus. Morbi tristique posuere consequat. Vestibulum ante ipsum primis in faucibus orci luctus et ultrices posuere. In hendrerit ligula ut diam imperdiet in fringilla diam suscipit.&lt;/p&gt;
&lt;p&gt;&lt;a href="#"&gt;Read more...&lt;/a&gt;&lt;/p&gt;</content>
     <content>&lt;h3&gt;Featured&lt;/h3&gt;
&lt;hr style="border:none;background-color:#cccccc;color:#cccccc;height:1px;"&gt;
&lt;p style="text-align:center;"&gt;&lt;img width="125" height="125" alt="" src="top3.png" class=""&gt;&lt;/p&gt;
&lt;p&gt;Lorem ipsum dolor sit amet, consectetur adipiscing elit. Etiam pharetra, tellus sit amet congue.&lt;/p&gt;
&lt;p style="text-align:center;"&gt;&lt;a href="#" class="art-button"&gt;Read More&lt;/a&gt;&lt;/p&gt;</content>
     <content>&lt;h3&gt;Services&lt;/h3&gt;
&lt;hr style="border:none;background-color:#cccccc;color:#cccccc;height:1px;"&gt;
&lt;p style="text-align:center;"&gt;&lt;img width="125" height="125" alt="" src="top1.png" class=""&gt;&lt;/p&gt;
&lt;p&gt;Cras elit nisl, rhoncus nec iaculis ultricies. Etiam pharetra, tellus sit amet congue vulputate.&lt;/p&gt;
&lt;p style="text-align:center;"&gt;&lt;a href="#" class="art-button"&gt;Read More&lt;/a&gt;&lt;/p&gt;</content>
     <content>&lt;h3&gt;Offers&lt;/h3&gt;
&lt;hr style="border:none;background-color:#C4D8E9;color:#C4D8E9;height:1px;"&gt;
&lt;p style="text-align:center;"&gt;&lt;img width="125" height="125" alt="" src="top2.png" class=""&gt;&lt;/p&gt;
&lt;p&gt;Tellus sit amet congue vulputate, nisi erat iaculis nibh, vitae feugiat sapien ante eget mauris.&lt;/p&gt;
&lt;p style="text-align:center;"&gt;&lt;a href="#" class="art-button"&gt;Read More&lt;/a&gt;&lt;/p&gt;</content>
     <content>&lt;h3&gt;Contacts&lt;/h3&gt;
&lt;hr style="border:none;background-color:#C4D8E9;color:#C4D8E9;height:1px;"&gt;
&lt;p style="text-align:center;"&gt;&lt;img width="125" height="125" alt="" src="top4.png" class=""&gt;&lt;/p&gt;
&lt;p&gt;Cras elit nisl, rhoncus nec iaculis ultricies. Etiam pharetra, tellus sit amet congue vulputate.&lt;/p&gt;
&lt;p style="text-align:center;"&gt;&lt;a href="#" class="art-button"&gt;Read More&lt;/a&gt;&lt;/p&gt;</content>
    </contents>
   </layout>
  </page>
  <page author="" caption="Contact Us" customHeadHtml="" dateModified="09/11/2012 15:36:15" description="" keywords="" metaTags="" name="contact-us" path="/contact-us" showInHmenu="True" showInVmenu="True" showTitle="True" title="Contact Us" titleInBrowser="Contact Us">
   <pageHead></pageHead>
   <content>&lt;p&gt;Lorem ipsum dolor sit amet, consectetur adipiscing elit. Etiam pharetra, tellus sit amet congue vulputate, nisi erat iaculis nibh, vitae feugiat sapien ante eget mauris. Cras elit nisl, rhoncus nec iaculis ultricies, feugiat eget sapien. Pellentesque ac felis tellus. Aenean sollicitudin imperdiet arcu, vitae dignissim est posuere id. Duis placerat justo eu nunc interdum ultrices.&lt;/p&gt;

&lt;h3&gt;Our Address&lt;/h3&gt;

&lt;p&gt;586 Main Ave, Building 42&lt;br /&gt;
Main City, Country 12345-6789&lt;/p&gt;

&lt;p&gt;T: (555) 123 - 4567&lt;br /&gt;
F: (555) 523 - 4567&lt;/p&gt;

&lt;p&gt;W: &lt;a href="#"&gt;http://www.domain.com&lt;/a&gt;&lt;br /&gt;
E: &lt;a href="#"&gt;myemail@domain.com&lt;/a&gt;&lt;/p&gt;</content>
   <layout>
    <struct>{content}</struct>
    <contents>
     <content>&lt;p&gt;Lorem ipsum dolor sit amet, consectetur adipiscing elit. Etiam pharetra, tellus sit amet congue vulputate, nisi erat iaculis nibh, vitae feugiat sapien ante eget mauris. Cras elit nisl, rhoncus nec iaculis ultricies, feugiat eget sapien. Pellentesque ac felis tellus. Aenean sollicitudin imperdiet arcu, vitae dignissim est posuere id. Duis placerat justo eu nunc interdum ultrices.&lt;/p&gt;

&lt;h3&gt;Our Address&lt;/h3&gt;

&lt;p&gt;586 Main Ave, Building 42&lt;br /&gt;
Main City, Country 12345-6789&lt;/p&gt;

&lt;p&gt;T: (555) 123 - 4567&lt;br /&gt;
F: (555) 523 - 4567&lt;/p&gt;

&lt;p&gt;W: &lt;a href="#"&gt;http://www.domain.com&lt;/a&gt;&lt;br /&gt;
E: &lt;a href="#"&gt;myemail@domain.com&lt;/a&gt;&lt;/p&gt;</content>
    </contents>
   </layout>
  </page>
 </pages>
 <sidebars>
  <sidebar caption="" name="content-before" />
  <sidebar caption="" name="content-after" />
 </sidebars>
</site>